,point.params.X_DUT_M1M2_W,point.params.X_DUT_M1M2_L,point.params.X_DUT_M1CM2C_W,point.params.X_DUT_M1CM2C_L,point.params.X_DUT_M3M4_W,point.params.X_DUT_M3M4_L,point.params.X_DUT_M3CM4C_W,point.params.X_DUT_M3CM4C_L,point.params.X_DUT_M5_W,point.params.X_DUT_M5_L,point.params.X_DUT_M5_NG,point.params.X_DUT_M6_W,point.params.X_DUT_M6_L,point.params.X_DUT_V_BIAS_1,point.params.X_DUT_V_BIAS_2,point.score,fit_summary.ugf.curr_val,fit_summary.ugf.score,fit_summary.dcgain.curr_val,fit_summary.dcgain.score,fit_summary.pm.curr_val,fit_summary.pm.score,fit_summary.v(inoise_total).curr_val,fit_summary.v(inoise_total).score,fit_summary.i(idd_total).curr_val,fit_summary.i(idd_total).score,fit_summary.tsettle.curr_val,fit_summary.tsettle.score
0,2.5014532929670535e-05,2.081902935049539e-06,7.325035017678665e-06,4.71070613695513e-07,0.00011054169955090322,2.255932410728834e-07,0.0001414107087699427,1.9957712784679237e-06,0.0001860830339483565,7.831613934989033e-06,2,3.9413817725082516e-05,8.962417519055536e-06,0.7753860013701198,0.9252133335943828,-3.037455693741471,236521899.99999997,5.165206433068182,40.23314,-0.7668600000000012,70.0,0.0,0.000560357080298372,33.035431933915696,4.37059569374147e-05,-2.2705956937414697,2.8717900000000003e-07,0.0
1,4.7466881407900546e-05,2.2096651449777695e-06,4.591353144956252e-06,4.0245785344126193e-07,0.00011013374132752448,2.222108902909381e-07,9.917817962370872e-05,1.955284496688311e-06,0.00016405537363482913,8.859340541783511e-06,2,4.1084376243000014e-05,9.84253633661761e-06,0.7591176572809125,1.0341529401591683,-5.263008417546345,213890300.0,0.7971794877366836,37.20094,-3.799059999999997,64.0,0.0,0.0004882748893220831,39.0154792849683,3.563948417546348e-05,-1.4639484175463475,3.2027499999999987e-07,0.0
2,4.7466881407900546e-05,2.20966514497777e-06,4.5913531449562655e-06,4.0245785344126193e-07,0.00014440595942350588,2.222108902909381e-07,9.917817962370873e-05,1.9552844966883115e-06,0.0001811972508334252,8.474795314092533e-06,2,3.457372414098848e-05,6.2279017559490104e-06,0.7591176572809126,1.0176894342569622,-5.432445468965506,197783600.0,0.0,37.38012,-3.6198800000000015,53.0,0.0,0.0004838275199070065,39.412861588190914,3.912565468965505e-05,-1.8125654689655046,3.0480500000000017e-07,0.0
3,4.1097647443569755e-05,1.996979076730815e-06,5.9831076097582236e-06,4.428156568453108e-07,9.99254368562405e-05,2.6353378319287225e-07,9.849036491473763e-05,1.9571615989506335e-06,0.0001708474643516795,8.715140631988987e-06,2,4.023274676699946e-05,9.896911715524098e-06,0.7876209830582029,1.0518223566991536,-7.882002239906273,223887400.0,2.7810358182093564,34.87626,-6.123739999999998,61.0,0.0,0.0004923428222748853,38.655157225217536,3.858262239906275e-05,-1.7582622399062744,3.1887300000000013e-07,0.0
4,2.6139790642098322e-05,1.868812179761859e-06,1.2154603557420057e-05,7.198635515755289e-07,0.00011543725005445417,2.630929892980988e-07,3.087662503565403e-05,1.6779991431128096e-06,0.00017993329411249143,8.626081092626117e-06,2,3.5716238269548875e-05,9.758285470222262e-06,0.7776716695771041,1.0709740414595956,-8.099205163812412,251555100.0,7.841383185492071,35.41602,-5.583979999999997,62.0,0.0,0.0007791335326785283,18.720728699804383,4.615225163812416e-05,-2.5152251638124157,2.712440000000002e-07,0.0
5,5.367545026800916e-05,2.081902935049539e-06,7.32503501767865e-06,3.628653650604446e-07,0.00011168064192231276,2.489745713843171e-07,5.003721165763957e-05,2.8293011643291445e-06,0.0001860830339483565,8.6701656526774e-06,2,3.941381772508251e-05,8.962417519055536e-06,0.7753860013701198,1.0186980948803683,-8.755811134304395,223451200.0,2.6963396560417503,34.28605,-6.713949999999996,68.0,0.0,0.0003899717386454713,48.77860483673575,4.141861134304399e-05,-2.0418611343043986,2.89388e-07,0.0
6,5.0533453514718454e-05,1.9969790767308154e-06,1.0037735614606105e-05,3.513403149924492e-07,9.99254368562405e-05,2.63533783192873e-07,0.00016357585031459527,1.957161598950634e-06,0.0001708474643516795,8.715140631988987e-06,2,1.974908248789909e-05,8.549918098930768e-06,0.7876209830582029,1.0393283915779048,-9.287842270009309,282234900.0,12.839142106379112,37.27308,-3.7269199999999993,69.0,0.0,0.0003866399090297768,49.15125031505991,7.66092227000931e-05,-5.56092227000931,3.063369999999999e-07,0.0
7,6.297026962173392e-05,1.9969790767308154e-06,5.9831076097582236e-06,4.1421574575188e-07,9.99254368562405e-05,1.901860706401101e-07,9.849036491473763e-05,1.957161598950634e-06,0.0001650456215444358,8.715140631988987e-06,2,4.023274676699947e-05,8.911688138516972e-06,0.7876209830582029,0.9710849737679484,-9.889193695460412,224354299.99999997,2.871510295231676,32.54463,-8.455370000000002,66.0,0.0,0.0004403656628200207,43.50057352631841,3.53382369546041e-05,-1.4338236954604096,3.044579999999999e-07,0.0
8,4.746688140790053e-05,1.9246315777560606e-06,4.591353144956237e-06,4.0245785344126193e-07,6.438133038091195e-05,2.7548632606142503e-07,9.549130322120604e-05,1.9552844966883106e-06,0.0001791139776028834,8.326502324088364e-06,2,4.108437624300001e-05,9.39882354173917e-06,0.7591176572809124,1.1649988091866514,-9.985051310289904,254757100.0,8.390700176339916,37.34922,-3.650779999999997,72.0,-4.444444444444445,0.0004727837237675848,40.41566661554238,3.989826865845463e-05,-1.8898268658454627,3.137390000000001e-07,0.0
9,2.5531339607978437e-05,1.8664172062236186e-06,3.355025872123414e-06,2.3840264660370847e-07,9.694232831410876e-05,2.276379927019707e-07,0.00010511481552035212,2.0952825401186577e-06,0.00013411013285510157,6.913501114106665e-06,4,3.1355739082527154e-05,9.899068168130186e-06,0.9863607728278028,1.0487603071843465,-10.051693246886497,267559200.0,10.520059401137623,32.48103,-8.518970000000003,68.0,0.0,0.0005876046307800106,30.97339733899543,3.632723246886494e-05,-1.5327232468864935,2.801699999999999e-07,0.0
10,1.562071158624656e-05,1.9969790767308145e-06,1.155012546896607e-05,6.042468704615065e-07,5.909221897110453e-05,4.2882535480061024e-07,9.573910607885322e-05,1.9646700079999217e-06,0.0001708474643516795,8.13834099281089e-06,3,3.682622886299723e-05,9.896911715524098e-06,0.901634286167364,1.1225000228590944,-10.125981206565745,209406100.0,0.12299662079358138,32.69599,-8.304009999999998,58.0,0.0,0.0006293193768266101,27.99480791611216,3.921971206565747e-05,-1.8219712065657465,3.193360000000002e-07,0.0
11,2.6139790642098322e-05,1.868812179761859e-06,1.2154603557420057e-05,7.198635515755289e-07,5.548338954277009e-05,2.6334176253868973e-07,9.216850760507543e-05,2.095650863157639e-06,9.822422502644819e-05,6.9257147567877925e-06,2,2.6846626459409812e-05,9.758285470222262e-06,0.8950468422086851,1.1846105478948474,-11.85366052260701,233450800.0,4.597607179587475,30.74002,-10.259979999999999,69.0,0.0,0.0005148510187964549,36.713760663046166,3.693680522607011e-05,-1.5936805226070105,2.8483500000000013e-07,0.0
12,2.845631492589648e-05,1.2098823049097727e-06,1.5806142835842127e-05,2.71053386186065e-07,4.935602058805535e-05,4.09973389955011e-07,0.00015158146903461963,2.0506906699061737e-06,0.00012703482014940254,5.250606436075984e-06,2,4.0999649862888523e-05,8.575007646377074e-06,0.8115561701127096,0.9716814034915253,-12.061020841465146,244210800.00000003,6.554557157719315,30.2529,-10.7471,69.0,0.0,0.0005899786117952384,30.798291543581385,3.413920841465147e-05,-1.3139208414651466,2.52557e-07,0.0
13,2.6139790642098322e-05,1.5536077563345757e-06,1.2154603557420057e-05,5.07369693914252e-07,0.00011543725005445417,2.761039285981074e-07,3.087662503565403e-05,1.6779991431128096e-06,0.00018794146341920173,9.839663073562093e-06,2,5.489406500665792e-05,9.758285470222262e-06,0.7776716695771041,1.0709740414595956,-12.2179592152833,188268300.0,-1.7317,31.23192,-9.768080000000001,54.0,0.0,0.0007536010236998156,20.167770336328587,2.818179215283298e-05,-0.7181792152832979,3.0242200000000003e-07,0.0
14,1.562071158624656e-05,2.2863690726298303e-06,3.93852147650053e-05,6.042468704615065e-07,5.909221897110452e-05,4.2882535480061024e-07,9.673031750944197e-05,2.0022120532463634e-06,0.0001377814113468639,8.13834099281089e-06,3,1.9793639342986076e-05,9.896911715524098e-06,0.901634286167364,1.1225000228590942,-12.421072075904616,192128000.0,0.0,32.57775,-8.422249999999998,53.0,0.0,0.000608854319722679,29.430579146601865,6.098822075904618e-05,-3.998822075904618,3.01202e-07,0.0
15,2.5531339607978424e-05,1.8664172062236186e-06,1.6617465863506778e-05,2.3840264660370773e-07,5.448183728247134e-05,4.183171015694611e-07,0.00010511481552035209,2.0952825401186573e-06,0.00013411013285510157,6.913501114106665e-06,3,3.1355739082527154e-05,9.722615987926775e-06,0.9370766464021859,1.0487603071843465,-12.484785982100265,218428600.00000003,1.709020747179003,30.35756,-10.64244,60.0,0.0,0.0005334435115116844,35.173074610059196,3.942345982100264e-05,-1.8423459821002641,2.73476e-07,0.0
16,2.3097535471498874e-05,1.8664172062236186e-06,3.446891508785362e-05,2.3840264660370702e-07,5.047562824127634e-05,4.183171015694611e-07,0.00010511481552035209,2.0938092479627274e-06,0.00013411013285510157,6.864646543382156e-06,4,3.1355739082527154e-05,9.579938058744827e-06,0.9370766464021859,1.0487603071843465,-12.631881219258466,191040099.99999997,0.0,29.84076,-11.15924,55.0,0.0,0.0005443085339223301,34.29740396575369,3.572641219258465e-05,-1.4726412192584644,2.9726799999999985e-07,0.0
17,6.821610686550536e-05,1.8688121797618585e-06,1.2154603557420057e-05,7.198635515755289e-07,5.5483389542770074e-05,2.63341762538689e-07,7.392126798760922e-05,2.0956508631576386e-06,9.822422502644817e-05,6.92571475678779e-06,2,2.6846626459409812e-05,9.203780489014918e-06,0.8686970663739689,1.1846105478948474,-12.753596372497032,213819200.0,0.7827405575994018,29.76567,-11.23433,60.0,0.0,0.0003961962330697686,48.09088410351146,3.619266372497032e-05,-1.5192663724970314,2.6798999999999995e-07,0.0
18,6.75960986075476e-05,1.4159223177681473e-06,1.384657771671895e-05,2.2164470837279008e-07,1.64075658971137e-05,2.437907568257893e-07,0.0001061910103725807,8.873130263961399e-07,0.00015060471696134314,4.306644197504833e-06,5,7.164041379734591e-05,9.958692347169233e-06,1.1883692393171723,1.0486950177550132,-12.844560000000001,248492599.99999997,7.309416542992629,28.15544,-12.844560000000001,63.0,0.0,0.0005511315696463366,33.75638943188644,1.900292310413513e-05,0.00668100185314662,2.519159999999999e-07,0.0
19,9.945434773761011e-05,1.8688121797618579e-06,1.2154603557420057e-05,7.458089662543431e-07,5.5483389542770074e-05,2.537886313239479e-07,7.392126798760922e-05,2.095650863157638e-06,9.822422502644816e-05,6.423858391448439e-06,2,2.6846626459409812e-05,9.087629402333657e-06,0.8686970663739689,1.0980594974239082,-13.051782556364936,208849000.00000003,0.23868945942187675,29.638270000000002,-11.361729999999998,57.0,0.0,0.0003528811711129902,53.11906970253201,3.790052556364938e-05,-1.690052556364938,2.53808e-07,0.0
20,4.9608284040094434e-05,1.3570112058868742e-06,2.618047785575208e-05,3.959271275243598e-07,2.512878967728267e-05,2.9575843531215015e-07,9.791531558620483e-05,2.5218543932454125e-06,0.00015879947993193935,3.57431988630092e-06,4,7.093019687996342e-05,9.139424929062443e-06,1.0880567234898004,1.010940880734552,-13.061571677710448,198999900.0,0.0,28.14574,-12.85426,68.0,0.0,0.0004883611650439201,39.00780619736397,2.307311677710448e-05,-0.20731167771044778,2.64847e-07,0.0
21,0.00015720657434889924,2.0822449165197725e-06,6.589715669316654e-06,4.0462537461099207e-07,0.00011951285690529534,2.5573517867362044e-07,0.00011111592141957761,2.225979601922415e-06,0.00013623626755467785,8.625419397800588e-06,1,2.846980071755199e-05,9.664394579835068e-06,0.6549459540912944,1.055741338811897,-13.394142714808428,189273300.0,-0.7267,33.52248,-7.477519999999998,71.0,-2.2222222222222223,0.0003332662260806499,55.602787954937625,5.067700492586208e-05,-2.967700492586208,3.0948800000000005e-07,0.0
22,7.85097257084436e-05,1.5708540953366131e-06,1.8259762508568143e-05,2.0449541153717515e-07,0.0001178682443014658,2.489745713843171e-07,5.0037211657639564e-05,2.829301164329144e-06,0.0001860830339483565,8.6701656526774e-06,4,3.2731583653412475e-05,8.962417519055536e-06,0.8404593777269488,0.956878713765168,-13.704718899600481,221618700.0,2.3387108272686903,29.423859999999998,-11.576140000000002,52.0,0.0,0.0003517046245039278,53.2641104280532,4.228578899600479e-05,-2.1285788996004786,2.9416700000000023e-07,0.0
23,8.04559960323979e-05,1.2098823049097727e-06,1.5831092719677183e-05,2.71053386186065e-07,4.935602058805534e-05,4.09973389955011e-07,0.00010833522599357266,2.2039596973735477e-06,0.0001367739825326545,5.250606436075984e-06,2,4.099964986288851e-05,8.575007646377074e-06,0.8115561701127096,1.10567385759555,-13.863970321998764,242275900.0,6.209092081685369,28.8111,-12.1889,67.0,0.0,0.0004058448679681838,47.04591245468409,3.775070321998765e-05,-1.6750703219987644,2.5470200000000013e-07,0.0
24,6.377403795880537e-05,2.0822449165197725e-06,6.589715669316654e-06,2.5835425718828845e-07,8.951482250673547e-05,2.5573517867362044e-07,0.00011111592141957761,2.225979601922414e-06,0.00013623626755467785,6.018480152422108e-06,1,2.277289746290409e-05,9.485361528327012e-06,0.9187886617335335,1.055741338811897,-14.109612524081179,301824300.0,15.753490734273365,32.94461,-8.055390000000003,70.0,0.0,0.0003298748435991554,56.0469985779162,8.154222524081176e-05,-6.054222524081176,2.3415199999999996e-07,0.0
25,9.019892466128441e-05,8.924544391994501e-07,1.839851498739766e-05,5.854945681100208e-07,1.89838561526201e-05,2.860334316316286e-07,0.00010392373910371253,2.2020337583691087e-06,0.00017861225254350304,6.276176124394109e-06,2,7.081865451389245e-05,9.858047470605805e-06,0.9488050921638777,1.0373779623709027,-14.410290329541793,241839099.99999997,6.130722321949585,27.17713,-13.822870000000002,66.0,0.0,0.0005347019295996727,35.07074317402735,2.687420329541791e-05,-0.5874203295417909,3.0119900000000015e-07,0.0
26,2.9812884428479396e-05,7.97997076464878e-07,1.6103611061308085e-05,1.9604486231320288e-07,9.147439902546572e-05,2.0935267273012476e-07,0.00019206386147748805,2.154421968263442e-06,0.00011498968377355903,5.293809799924774e-06,5,2.592363248382048e-05,6.883020116129622e-06,0.9295784425952373,1.1781752331477655,-14.688798865819816,315450800.0,17.671233840337543,27.54638,-13.453619999999999,68.0,0.0,0.0006158458654423084,28.93471530189328,3.335178865819818e-05,-1.235178865819818,3.02466e-07,0.0
27,5.744853455492312e-05,2.0816475817110056e-06,6.589715669316654e-06,4.0462537461099276e-07,0.0001244190150016496,2.285631128516558e-07,0.00011111592141957764,2.225979601922415e-06,0.00013623626755467785,8.741308681496632e-06,1,2.846980071755199e-05,9.696006989019633e-06,0.6549459540912944,1.0537919676980676,-14.75468182901058,214418900.0,0.9043768954453438,38.01093,-2.989069999999998,74.0,-8.88888888888889,0.00041447823863871,46.131744938800004,4.976722940121694e-05,-2.876722940121694,2.9619300000000004e-07,0.0
28,0.00014131219417708543,5.734580914205088e-07,8.461322839562598e-06,3.0026305511134257e-07,2.500556704675635e-05,2.9822141710806387e-07,3.283941216189503e-05,2.6897500829311052e-06,0.0001319072520297534,4.8116844225174936e-06,4,5.8793113816320515e-05,8.827758359801724e-06,0.9389510182997709,1.1432516776208337,-14.83446,259265599.99999997,9.152560259365124,26.16554,-14.83446,59.0,0.0,0.0005795659653053684,31.57163092570421,2.014875142953352e-05,0.0,2.494110000000002e-07,0.0
29,0.00014131219417708543,5.73458091420508e-07,8.461322839562584e-06,3.0026305511134257e-07,1.713923209728814e-05,4.866778900660992e-07,7.231909864116885e-05,2.6897500829311052e-06,0.0001425506697393142,2.42766866043925e-06,5,0.00011671441409456354,8.827758359801724e-06,0.9389510182997709,0.9926879748263041,-14.979840000000003,197148500.0,0.0,26.020159999999997,-14.979840000000003,70.0,0.0,0.0007241564851217713,21.898675877815233,1.229955933910686e-05,18.88640488648539,3.46102e-07,0.0
30,3.1526006534234514e-05,7.979970764648774e-07,3.3374910829944734e-05,1.9082028157968084e-07,2.3470437705272235e-05,2.6819070874709497e-07,0.00019105357024748495,2.607677885509123e-06,0.00011498968377355903,5.293809799924773e-06,5,2.592363248382048e-05,6.320530990085489e-06,0.929578442595237,1.1781752331477655,-14.987835570120255,277315500.0,12.075484955127113,27.098390000000002,-13.901609999999998,68.0,0.0,0.0007951987921144376,17.834347139071966,3.186225570120258e-05,-1.0862255701202579,3.3429399999999996e-07,0.0
31,3.1526006534234514e-05,7.97997076464878e-07,3.3374910829944734e-05,1.9082028157968158e-07,2.347043770527225e-05,2.6819070874709497e-07,0.00019105357024748495,2.6076778855091233e-06,0.00011498968377355903,5.293809799924773e-06,5,2.592363248382048e-05,6.320530990085489e-06,0.9295784425952373,1.1781752331477657,-14.987835570205794,277315500.0,12.075484955127113,27.098390000000002,-13.901609999999998,68.0,0.0,0.0007951987920339871,17.83434714346574,3.186225570205796e-05,-1.0862255702057955,3.3429399999999996e-07,0.0
32,8.348035632394185e-05,7.327279560916369e-07,1.7702578573655485e-05,4.033836079428105e-07,2.3402788809296863e-05,4.2882535480061024e-07,0.00011071934438953221,2.002212053246364e-06,0.00013778141134686392,9.986179732787581e-06,2,3.792690451970548e-05,9.647775767357295e-06,0.901634286167364,1.0907368230819245,-15.130816808019713,269200000.0,10.785576081801997,26.734489999999997,-14.265510000000003,67.0,0.0,0.0005421750123458411,34.467968507088045,2.96530680801971e-05,-0.8653068080197099,3.432439999999999e-07,0.0
33,7.969751586070002e-05,8.773147339855877e-07,4.606319622876164e-05,5.848347047435208e-07,3.431636708511293e-05,3.8341781675135273e-07,0.00011562784328891688,2.3818913336331247e-06,0.0001685420361764146,4.593883159154426e-06,4,5.159267179164613e-05,9.3420359001683e-06,1.1333336629611819,1.011202076026788,-15.140470288603291,199675000.0,0.0,27.05928,-13.940719999999999,64.0,0.0,0.0004404170397136914,43.49550696418461,3.299750288603292e-05,-1.1997502886032918,2.632319999999999e-07,0.0
34,2.5290644648642427e-05,7.501320963040165e-07,2.2830323154414994e-05,5.7474603944213e-07,1.9120626818557667e-05,6.041006108553275e-07,0.00010924396145131378,1.6823969359334688e-06,0.0001946687540383404,9.325684407045778e-06,1,4.7889148989916055e-05,4.6109434773339345e-06,1.0683036136850697,1.1234117088250721,-15.152523825494466,195924500.0,0.0,26.66185,-14.338149999999999,57.0,0.0,0.0007482870286951056,20.475096615987734,2.914373825494467e-05,-0.8143738254944667,3.1812999999999995e-07,0.0
35,6.821610686550536e-05,1.205046567266466e-06,1.2154603557420057e-05,7.198635515755289e-07,5.548338954277009e-05,2.066689013450084e-07,0.00010410051380890553,2.095650863157639e-06,0.00017730396631824772,7.5661036996061514e-06,3,2.6846626459409812e-05,5.395035000100185e-06,1.0761922321735187,1.0825090374156765,-15.360144351748957,289459800.0,13.936896296532538,28.089949999999998,-12.91005,69.0,0.0,0.0003782306558421156,50.106245731136724,4.550094351748958e-05,-2.450094351748958,2.7067000000000003e-07,0.0
36,2.199504170065316e-05,1.2672092990338054e-06,9.936870364987877e-06,5.235416846795767e-07,1.2849262142896654e-05,6.994267380683703e-07,3.470046541503217e-05,2.464765476894394e-06,0.00019825482401317893,5.909707120812928e-06,3,7.083215431215259e-05,8.386060971439397e-06,1.1906781331591274,0.9668239736323831,-15.379340994720398,253030900.0,8.095426549349604,28.22531,-12.77469,71.0,-2.2222222222222223,0.000956552654146974,9.81103020171943,2.482428772498177e-05,-0.38242877249817686,2.40037e-07,0.0
37,5.0728312718081505e-05,1.9561542455088033e-06,6.589715669316654e-06,3.7363713419066694e-07,8.951482250673547e-05,2.5573517867362044e-07,9.861622686088037e-05,2.225979601922415e-06,0.00013623626755467785,6.018480152422108e-06,1,3.742208048698083e-05,9.41613113905674e-06,0.7910518581714366,1.055741338811897,-15.433840880659014,251934600.0,7.906852166126227,34.850089999999994,-6.1499100000000055,73.0,-6.666666666666667,0.0004120740157523337,46.384395311967424,4.71726421399234e-05,-2.6172642139923403,2.457950000000001e-07,0.0
38,0.00014131219417708543,5.457859042746041e-07,1.4265364356893557e-05,3.0026305511134257e-07,8.990155754228817e-06,2.9822141710806387e-07,0.00015332397516842563,2.689750082931106e-06,0.00013190725202975347,6.157055701981299e-06,3,4.4510862766732696e-05,8.827758359801724e-06,1.1966411050029857,1.136696460942909,-15.727660257938624,275725300.0,11.825732319004215,25.87349,-15.126509999999998,68.0,0.0,0.0005494688282399735,33.88761234774027,2.701150257938626e-05,-0.6011502579386258,3.5170799999999996e-07,0.0
39,3.57575874722337e-05,4.433195611841097e-07,7.681441544846707e-06,4.899407931130933e-07,5.467168620076632e-05,2.1875691508508188e-07,0.00017848791586426495,1.512001971526872e-06,0.00012694359282051037,9.059771250829991e-06,3,5.2867122033469505e-05,8.040322040476196e-06,0.9791958840934445,1.0852769465576866,-15.818129999999996,204188000.0,1.2189079445903048,25.181870000000004,-15.818129999999996,54.0,0.0,0.0009675715711820334,9.31360834959722,1.662169172873545e-05,5.8078377469556335,4.0209600000000003e-07,0.0
40,8.21436713856328e-06,1.2508350979600484e-06,3.7413358146186404e-06,2.615277545859359e-07,8.126942869345537e-06,8.003427669834883e-07,0.00018618306722507845,3.9049960199923965e-06,0.0001756465551429525,4.393870755155799e-06,3,6.998346352810656e-05,8.961141853707252e-06,1.1090833983999486,1.0775630421736415,-15.824936071652331,191779900.0,0.0,30.07806,-10.92194,72.0,-4.444444444444445,0.0009253420965607877,11.251686313586744,2.558551627207887e-05,-0.4585516272078868,4.1311699999999995e-07,0.0
41,8.21436713856328e-06,1.2508350979600484e-06,3.7413358146186553e-06,3.4514789943560437e-07,8.126942869345552e-06,6.601735657233474e-07,0.00018618306722507845,3.6214638974071596e-06,0.0001756465551429525,3.7149053594167473e-06,3,7.859902144092445e-05,9.67092390330606e-06,0.9931226975575896,1.0775630421736417,-15.949812916178447,200619099.99999997,1.984701694819051,32.123780000000004,-8.876219999999996,73.0,-6.666666666666667,0.0009838759952085058,8.587881839755708,2.506926249511783e-05,-0.4069262495117827,3.984010000000001e-07,0.0
42,6.453529790570117e-05,1.975804520971933e-06,5.021297668347625e-05,3.198905730696797e-07,8.951482250673547e-05,2.5573517867362044e-07,0.0001111159214195776,2.225979601922414e-06,0.00013623626755467785,6.018480152422108e-06,1,2.2772897462904073e-05,7.655676612325802e-06,0.8032253190143281,1.055741338811897,-16.01068025489507,230958700.0,4.131503162707432,30.12296,-10.877040000000001,62.0,0.0,0.0003127195069865103,58.366421035490504,7.233640254895068e-05,-5.133640254895068,2.3491500000000006e-07,0.0
43,2.5290644648642427e-05,4.835934028942242e-07,2.2830323154414994e-05,2.0803797634119762e-07,1.9120626818557653e-05,5.799779537993528e-07,0.00018374974543665013,1.6823969359334688e-06,0.00019409339171781959,5.683370440813425e-06,1,7.295976805796344e-05,4.610943477333934e-06,1.0683036136850697,1.1234117088250721,-16.030552983755076,232860100.0,4.487578489424359,25.37919,-15.620809999999999,63.0,0.0,0.0008950418044205089,12.697586286098167,2.509742983755076e-05,-0.4097429837550758,3.005609999999999e-07,0.0
44,4.6535560251281546e-05,1.614457068227671e-06,1.9733868101294932e-05,9.91437998615497e-07,7.9351568968842e-05,2.99334194129473e-07,0.00011562784328891688,2.0579031696373357e-06,7.685924769675872e-05,4.593883159154426e-06,2,1.6810442549419728e-05,9.850844028327963e-06,1.1333336629611819,1.0112020760267877,-16.056678252129288,235491400.0,4.975575685523246,29.150209999999998,-11.849790000000002,56.0,0.0,0.0003848783210268649,49.349573374382935,6.306888252129285e-05,-4.206888252129285,2.0458300000000008e-07,0.0
45,0.00010212454661368388,1.9246315777560606e-06,1.6585748386308055e-05,7.99112864819824e-07,7.465656254384533e-05,2.7548632606142503e-07,0.00015552823330993427,1.7735694479600973e-06,0.0001791139776028834,4.504374892330201e-06,2,4.1084376243000014e-05,9.39882354173917e-06,0.6221671234191619,1.1649988091866514,-16.098355501380194,248723600.00000003,7.349770028071171,37.66963,-3.330370000000002,74.0,-8.88888888888889,0.0003460063141106133,53.97351589928439,5.979096612491302e-05,-3.8790966124913013,2.5782100000000025e-07,0.0
46,4.3031634056048925e-05,7.501320963040165e-07,2.2830323154414994e-05,4.369154906414357e-07,1.912062681855768e-05,2.9858883440381595e-07,0.00010924396145131381,1.6823969359334688e-06,0.0001946687540383404,8.952609314835966e-06,1,4.788914898991606e-05,8.796217764760875e-06,1.0683036136850697,1.052004693892349,-16.101987105680735,340406400.0,20.97784219505328,26.74595,-14.25405,64.0,0.0,0.0005027149932561684,37.74973450334597,3.947937105680736e-05,-1.8479371056807363,3.0005100000000023e-07,0.0
47,7.286677321045546e-05,4.047669567613564e-07,1.5541430439686047e-05,2.3025059917781698e-07,2.4371711496980918e-05,2.450412391379949e-07,0.00016967114547341278,4.2646025846418755e-06,0.00015234327945185737,5.300915946227739e-06,3,4.021122681559573e-05,1.6669711872872116e-06,1.1291509136166946,0.998521577893902,-16.119016292283618,249481500.0,7.481905183550847,24.883950000000002,-16.116049999999998,69.0,0.0,0.0005364451968072946,34.92938220156693,2.102966292283621e-05,-0.002966292283620943,3.801429999999999e-07,0.0
48,7.436152208055675e-05,5.37763616674192e-07,4.1508015969267205e-05,4.4326540286420984e-07,7.5156678486109e-05,2.437907568257893e-07,0.0001061910103725807,2.3429336166024433e-06,0.00015060471696134314,6.48413800513255e-06,5,3.599842377488646e-05,9.566943618738943e-06,1.1883692393171723,1.0486950177550132,-16.510356292124694,304534700.0,16.14174904448859,25.78779,-15.212209999999999,68.0,0.0,0.0004582697968311355,41.76979479396336,3.398146292124695e-05,-1.2981462921246947,2.8842200000000004e-07,0.0
49,3.1526006534234514e-05,5.457898598660577e-07,3.3374910829944734e-05,1.9082028157968158e-07,1.5774739063610765e-05,2.6819070874709497e-07,5.561404004930139e-05,2.6076778855091233e-06,0.00011498968377355903,5.293809799924774e-06,5,2.592363248382048e-05,8.708009181481385e-06,1.1048343516915489,1.1781752331477655,-16.734610374330234,536112200.0,40.70363955960181,26.01607,-14.98393,70.0,0.0,0.0007011346638632921,23.301774408223434,3.850680374330234e-05,-1.7506803743302337,2.3293599999999986e-07,0.0
50,7.850972570844358e-05,1.5708540953366127e-06,1.2470423349249246e-05,1.8911258547558336e-07,9.803004279184312e-05,1.817027899401478e-07,5.003721165763955e-05,4.366325380571411e-06,0.00018939380396056034,9.0696888758311e-06,4,3.2731583653412475e-05,9.035072862847023e-06,1.1868591258076082,0.956878713765168,-16.83030843916913,250913299.99999997,7.730438755925303,28.501739999999998,-12.498260000000002,71.0,-2.2222222222222223,0.0003193122339132423,57.46036249752188,4.209826216946908e-05,-2.1098262169469075,3.12778e-07,0.0
51,1.9799149040152088e-05,1.2098823049097719e-06,3.5461120204543705e-05,2.184721083974971e-07,4.9356020588055335e-05,4.09973389955011e-07,0.00010216850144249651,2.3035903054102906e-06,0.00013677398253265447,1.4264662455815884e-06,3,2.874371186277039e-05,8.575007646377074e-06,0.9526927191752195,1.10567385759555,-16.94261335689719,199472700.0,0.0,32.13274,-8.867260000000002,64.0,0.0,0.0004637207835236544,41.25626221019822,0.0001017535335689719,-8.075353356897189,1.6560600000000011e-07,0.0
52,1.0300424148184438e-05,1.868812179761859e-06,1.2154603557420057e-05,5.057621554952339e-07,6.65155191428926e-05,2.0833626411237885e-07,6.12375138237278e-05,1.3962762591256343e-06,0.00014186284446971375,8.084944883677087e-06,3,3.059647644973141e-05,9.459086638688967e-06,0.8950468422086851,1.1364043210393957,-16.983870732231548,345700000.0,21.648008480848752,34.5863,-6.413699999999999,46.0,-8.88888888888889,0.0009060168524099591,12.168290723154586,3.781281843342661e-05,-1.6812818433426608,2.6489400000000004e-07,0.0
53,0.00014131219417708543,5.734580914205095e-07,8.461322839562613e-06,3.0026305511134257e-07,2.500556704675635e-05,2.2977833040353734e-07,0.00010383575655423961,2.689750082931106e-06,0.00013190725202975347,4.8116844225174936e-06,4,5.8793113816320515e-05,9.339097263778498e-06,0.9389510182997709,1.0839328174152378,-17.029722222222222,299733700.0,15.451628004769185,26.192500000000003,-14.8075,71.0,-2.2222222222222223,0.0005564258826148975,33.34118597382424,2.074968252589589e-05,0.0,3.0928100000000005e-07,0.0
54,8.847428939487965e-05,2.513276684353923e-07,3.283048141402826e-05,4.4155685914240236e-07,2.7059471860214713e-05,3.749250912059468e-07,0.00011513200658681128,2.518222036076351e-06,0.00018371029460041043,5.9704216829697885e-06,4,6.966931495046999e-05,7.4622747524797235e-06,1.1516337069150429,0.9978149097138357,-17.36008,236614000.0,5.182114269606692,23.63992,-17.36008,67.0,0.0,0.0005657209835398802,32.62168953491239,1.997026479824403e-05,2.1630222538492774,3.176670000000001e-07,0.0
55,0.00010317374818048384,2.5132766843539307e-07,3.283048141402827e-05,4.4155685914240236e-07,2.7059471860214713e-05,3.749250912059468e-07,0.00011513200658681128,2.5182220360763513e-06,0.00018371029460041043,8.211775523899996e-06,4,6.966931495047e-05,7.4622747524797235e-06,0.9010495399415175,1.0037909145351993,-17.384600000000002,192640500.0,0.0,23.615399999999998,-17.384600000000002,67.0,0.0,0.0005718978769350497,32.15006987870147,1.725323896970604e-05,4.1882963304430385,4.128030000000002e-07,0.0
56,9.51274148545011e-05,2.5132766843539307e-07,1.9303034009984578e-05,3.609654485126737e-07,2.7059471860214713e-05,4.654310791577929e-07,0.00010734716523438223,2.578754249451307e-06,0.0001887505942804754,8.307365151051692e-06,4,6.966931495047e-05,7.777633867081789e-06,1.1516337069150429,1.1016164162645263,-17.40233,261743800.0,9.565710848160998,23.59767,-17.40233,70.0,0.0,0.000773615131383073,19.02942274376767,1.795443204469293e-05,2.4581929377515213,4.1447899999999986e-07,0.0
57,8.847428939487966e-05,2.5132766843539307e-07,3.283048141402827e-05,7.029530336677281e-07,6.060526402767906e-05,3.749250912059468e-07,0.00011513200658681128,1.993415615068084e-06,0.00018371029460041043,5.9704216829697885e-06,3,6.966931495047e-05,7.4622747524797235e-06,1.1516337069150429,1.1905538018318862,-17.44139727712953,197799700.0,0.0,23.667189999999998,-17.332810000000002,65.0,0.0,0.0006920866295236342,23.865872394651348,2.208587277129527e-05,-0.10858727712952686,3.6853799999999993e-07,0.0
58,8.847428939487966e-05,2.5132766843539307e-07,6.295819650271255e-06,2.9369141344709244e-07,2.7059471860214713e-05,1.87914858410843e-07,0.00010517167965927634,2.5182220360763513e-06,0.00013953297065240648,9.948715839328098e-06,2,6.966931495047e-05,7.4622747524797235e-06,1.1516337069150429,0.9978149097138357,-17.48194,275418400.0,11.777365626153646,23.51806,-17.48194,66.0,0.0,0.0006400999003535736,27.257142351108282,1.48332132446499e-05,10.751836069585224,3.8017299999999987e-07,0.0
59,0.00014131219417708543,5.734580914205095e-07,8.461322839562613e-06,3.0026305511134257e-07,2.500556704675635e-05,2.9822141710806387e-07,3.283941216189503e-05,2.333378288991011e-06,6.047641524199374e-05,5.095723617748028e-06,2,1.3024940686846461e-05,8.827758359801724e-06,0.9389510182997709,1.1432516776208337,-17.69973461261053,541571800.0,41.143674753245676,26.74045,-14.25955,66.0,0.0,0.0005769043842002033,31.77153436957056,5.540184612610531e-05,-3.4401846126105307,1.8461099999999998e-07,0.0
60,5.300483101250812e-05,1.8660974059877086e-07,1.4803716379246872e-05,2.384026466037063e-07,1.600926532196351e-05,3.7628408864486385e-07,0.00013865280756399247,2.4601980268281835e-06,0.00011942501888805227,1.7698687456672172e-06,4,7.760413804069149e-05,8.312043431627746e-06,1.0788460873414731,1.0487603071843465,-17.864539999999998,398011900.0,27.76767623324176,23.135460000000002,-17.864539999999998,70.0,0.0,0.0009545483842255159,9.902123625749272,1.744951959323528e-05,3.6970126154993634,3.303860000000001e-07,0.0
61,6.703823151577282e-05,1.8835577191250535e-07,5.96099018464757e-05,2.540764767213082e-07,2.4462469807276948e-05,2.3184934280736353e-07,0.00016137369359042614,6.2647702619467645e-06,0.0001882959784879751,5.433090165838849e-06,3,9.429237782365632e-05,9.813503488817657e-06,0.9803203236309342,0.9405062046663393,-17.91153,227323900.00000003,3.4425803518371647,23.08847,-17.91153,70.0,0.0,0.000590362918054983,30.770011238323157,1.933969574007367e-05,0.7696036351212251,5.169620000000001e-07,0.0
62,5.300483101250813e-05,1.866097405987716e-07,2.5489395371998815e-05,5.717408793845684e-07,1.600926532196351e-05,3.7628408864486385e-07,0.00013865280756399247,2.460198026828184e-06,0.00011942501888805227,6.722574787413258e-07,4,9.299569869957537e-05,7.913221151561092e-06,1.1319909006039204,1.0023652984131046,-17.94673,234018999.99999997,4.703182447183737,23.05327,-17.94673,67.0,0.0,0.000972779400063896,9.080481785327224,1.417076641823462e-05,12.736026148808389,3.921330000000001e-07,0.0
63,7.850972570844356e-05,2.8610330542464506e-07,2.430803224436855e-05,1.8911258547558336e-07,4.580938170404324e-06,1.817027899401471e-07,0.0001238401134087008,5.059080715993628e-06,0.0001311041635503291,9.0696888758311e-06,3,3.273158365341246e-05,9.909284226503201e-06,1.1868591258076078,0.9665575211353272,-17.975196072731457,467534199.99999994,34.759409016023454,24.07217,-16.92783,70.0,0.0,0.0004334094516642826,44.19208050470195,3.147366072731458e-05,-1.0473660727314575,3.8002300000000017e-07,0.0
64,2.5290644648642427e-05,4.835934028942242e-07,1.755745793169838e-05,2.0803797634119834e-07,1.9120626818557667e-05,2.614551513319604e-07,6.494909735253866e-05,1.6823969359334688e-06,0.00019409339171781959,8.715561237118115e-06,1,7.295976805796344e-05,4.6109434773339345e-06,1.0683036136850697,1.194359539629844,-17.984832222222224,288242200.0,13.753826913293102,25.237389999999998,-15.762610000000002,71.0,-2.2222222222222223,0.001132148632374252,2.491573682734098,2.02545769778419e-05,0.0,2.7664399999999997e-07,0.0
65,5.75381819500692e-05,4.346772420828759e-07,1.5071154828636054e-05,1.998874969999146e-07,2.0320487401616394e-05,2.9933631917333584e-07,0.00019609271890014743,4.543598826099131e-06,0.00018654324674056074,9.19055657151037e-06,5,5.2049801526360226e-05,7.418791957700388e-06,0.995627679466528,1.0401310258891892,-18.06955222222222,276578200.0,11.959865113041952,25.15267,-15.847329999999998,71.0,-2.2222222222222223,0.0007093624834204447,22.795096720979476,2.060483859410531e-05,0.0,5.75554e-07,0.0
66,8.21436713856328e-06,1.2508350979600484e-06,3.7413358146186553e-06,5.357030472863927e-07,4.889916375075274e-05,5.031288372371857e-07,0.00018618306722507845,2.3827688465955706e-06,0.0001756465551429525,4.3938707551558e-06,3,6.998346352810656e-05,8.961141853707254e-06,1.1090833983999486,1.113512626722004,-18.152778358020228,183306800.0,-6.693200000000001,29.997119999999995,-11.002880000000005,67.0,0.0,0.0009704364371187453,9.185208841580351,2.556698358020223e-05,-0.4566983580202227,3.4627699999999997e-07,0.0
67,3.68105539174876e-05,4.569402673215574e-07,1.842539668463653e-05,3.002630551113419e-07,8.582433735691731e-06,4.866778900660985e-07,7.231909864116885e-05,2.689750082931105e-06,0.0001425506697393142,5.329115924979028e-06,1,0.00011671441409456354,8.827758359801724e-06,1.1768135019249824,0.9297903045609842,-18.16901222222222,283631400.0,13.053501390636308,25.05321,-15.94679,71.0,-2.2222222222222223,0.0007235601386170457,21.934454980811815,1.571304552428756e-05,8.249323219516294,2.852550000000001e-07,0.0
68,3.961637855403309e-05,1.2508350979600484e-06,4.421349678888744e-06,2.615277545859359e-07,8.973238163588873e-05,3.3783726562944844e-07,0.00018618306722507845,2.3452268013491285e-06,0.0001663736099364538,7.96624658445797e-06,3,4.6864193700021325e-05,9.666257440035539e-06,0.8291108055047197,1.0428349605620628,-18.36914392101486,211836000.0,0.3780472523757513,32.38095,-8.619050000000001,74.0,-8.88888888888889,0.0006134045830297706,29.10721666250194,2.961205032125971e-05,-0.8612050321259705,3.712060000000001e-07,0.0
69,5.567545815373318e-05,2.43550567249352e-07,1.2785538324962417e-05,4.899407931130926e-07,9.583479571837755e-05,2.502948746726546e-07,0.0001988862760196111,1.5120019715268714e-06,0.00012694359282051037,8.47163661617824e-06,3,2.722233007256009e-05,8.040322040476196e-06,1.0156709584804198,1.0919652570349483,-18.450143469179267,373082900.0,24.9586049172011,23.877069999999996,-17.122930000000004,67.0,0.0,0.0005906232955912603,30.750861052191876,3.427213469179262e-05,-1.3272134691792616,3.353260000000001e-07,0.0
70,3.698668866196743e-05,3.654995997395673e-07,9.139099222540181e-06,5.361620448348098e-07,4.592780941615178e-05,2.3763610628156734e-07,0.00017802756819869681,4.569433527741075e-06,0.00014838448116978446,9.017630020386818e-06,4,5.760776150577935e-05,8.890622776811764e-06,0.9863454595859079,1.0681500236595713,-18.54939222222222,247821300.00000003,7.191933609917863,24.67283,-16.32717,71.0,-2.2222222222222223,0.0007400782291382472,20.954155433086676,1.710259863879464e-05,4.569149706684374,6.381450000000001e-07,0.0
71,8.161877079872386e-05,4.803430821781124e-07,5.4037282725430284e-05,5.23541684679576e-07,1.2849262142896654e-05,4.457616153087573e-07,3.470046541503217e-05,2.4647654768943938e-06,0.00019825482401317893,5.909707120812928e-06,4,5.943659962620217e-05,9.269209247034873e-06,1.1906781331591274,1.1069105309282008,-18.61800162894193,225309400.0,3.056001631068245,25.44372,-15.556280000000001,49.0,-2.2222222222222223,0.0005501181306812324,33.836322452418685,2.939499406719707e-05,-0.8394994067197068,2.7986900000000006e-07,0.0
72,3.1526006534234514e-05,4.2038346659738574e-07,2.3340550670032617e-05,3.198773143912741e-07,2.347043770527225e-05,2.6819070874709497e-07,0.00017271081584011982,1.6508970416613169e-06,0.00018742518183246804,7.4518760499686995e-06,2,2.592363248382048e-05,6.320530990085489e-06,0.9128217759050062,1.1781752331477655,-18.92366031313744,523215300.0,39.64611405219304,26.02096,-14.979040000000001,66.0,0.0,0.000492413256969159,38.64894464125802,6.04462031313744e-05,-3.9446203131374395,2.942810000000002e-07,0.0
73,6.382133364101409e-05,2.7675777656446173e-07,2.6914961223014148e-05,4.0245785344126193e-07,5.9320079581905506e-05,4.984606419757744e-07,0.0001268301731630855,1.9552844966883102e-06,0.0001791139776028834,8.231264620219921e-06,3,7.418555572342321e-05,9.4229058278106e-06,1.0735809224804151,1.1649988091866514,-19.342602222222222,230638200.00000003,4.071194523798598,23.87962,-17.12038,71.0,-2.2222222222222223,0.00076960164917179,19.255319342272948,1.910919127056377e-05,0.24887065017849858,4.2102e-07,0.0
74,3.073365941058349e-05,2.7675777656446173e-07,2.6914961223014135e-05,4.0245785344126124e-07,5.500519464607087e-05,4.984606419757744e-07,0.0001268301731630855,1.9552844966883102e-06,0.00018756761061904226,9.33425693455163e-06,3,7.418555572342321e-05,9.4229058278106e-06,1.0735809224804151,1.0188280973779218,-19.41601222222222,225928400.0,3.1751531972376172,23.80621,-17.19379,71.0,-2.2222222222222223,0.0008574715212834083,14.559947812147891,1.869638932614975e-05,0.6995857899529521,4.0764400000000007e-07,0.0
75,0.00010114119826275742,4.114476290301309e-07,1.7714737260586677e-05,6.356735945310905e-07,1.4365418508867764e-05,3.3134346475152524e-07,0.0001953828577159272,2.028461422496085e-06,0.00016251032678993402,6.2594773778643255e-06,2,2.8325724478887713e-05,8.360557405989671e-06,1.1568919234891715,1.1566460554261566,-19.80203872988797,453422400.0,33.42836766280266,25.28375,-15.716249999999999,70.0,0.0,0.000717323885954394,22.3103890580052,6.185788729887969e-05,-4.085788729887969,2.9131500000000006e-07,0.0
76,3.1526006534234494e-05,7.979970764648766e-07,3.3374910829944734e-05,1.9082028157968012e-07,2.347043770527222e-05,2.6819070874709497e-07,0.00019105357024748492,2.6076778855091225e-06,0.0001694314870032367,4.1702709370178525e-06,4,7.122376119104942e-05,7.146268916000874e-06,0.760902030935818,0.9226538400263158,-19.976916666666664,227134700.0,3.4064192930638004,27.689750000000004,-13.310249999999996,73.0,-6.666666666666667,0.0008277092683988599,16.094136479507824,2.034269813506625e-05,0.0,3.1003200000000003e-07,0.0
77,1.2766850043417748e-05,2.841904662343322e-06,1.2446970112672142e-05,4.986705764870654e-07,4.118416015069193e-05,6.266010249864179e-07,4.6212928217094886e-05,2.7068387641540186e-06,0.00018872401713956663,7.974895876332335e-06,1,4.1699336498858774e-05,9.46900643663137e-06,1.016296560527766,1.1568045054730611,-20.059201583296073,180736800.0,-9.263200000000001,32.90296,-8.09704,56.0,0.0,0.0006172244280678737,28.83760771705684,4.798961583296072e-05,-2.698961583296072,2.7839200000000015e-07,0.0
78,2.845631492589648e-05,2.009708576964171e-06,6.834311083133435e-06,2.71053386186065e-07,4.935602058805535e-05,2.5976339022375297e-07,0.00010965883750589089,1.974365731331884e-06,0.0001566512629377438,5.250606436075984e-06,2,4.106743096697772e-05,9.589030598569503e-06,0.769605359847272,1.0216586328256398,-20.275591229792703,308349700.0,16.68242354942452,43.280820000000006,0.0,78.0,-17.77777777777778,0.000524486875993219,35.90845575950779,4.597813452014924e-05,-2.4978134520149236,2.3361499999999996e-07,0.0
79,5.80249427773651e-05,4.346772420828759e-07,1.1500864983766684e-05,1.9988749699991535e-07,2.112172920985541e-05,2.9933631917333584e-07,0.00018573567256792604,4.5438934845303175e-06,0.00015783452047763805,9.19055657151037e-06,5,5.204980152636023e-05,7.418791957700391e-06,0.9620038361117274,1.0401310258891892,-20.284514444444447,249284600.0,7.447615528368178,25.15993,-15.84007,72.0,-4.444444444444445,0.0009169721469403586,11.646303893789984,1.719873443874934e-05,4.325711023651143,6.246919999999999e-07,0.0
80,5.487126125401122e-05,4.346772420828759e-07,1.5071154828636054e-05,6.246276175794216e-07,5.231273638394966e-06,5.615926823856419e-07,0.00011571445807169201,4.543598826099131e-06,0.00011300694162720143,8.690568103673492e-06,5,3.669495955735685e-05,7.418791957700391e-06,0.995627679466528,1.0401310258891892,-20.342044444444447,222581700.00000003,2.5270160342383314,25.1024,-15.8976,72.0,-4.444444444444445,0.0006381997822993578,27.386253138645856,1.767530497787939e-05,3.1386684901575914,4.6553100000000004e-07,0.0
81,7.175894436170034e-05,4.346772420828759e-07,1.5071154828636054e-05,3.4475209211460105e-07,6.106291658029467e-05,2.84895389114601e-07,0.00011511395518507332,4.543598826099131e-06,9.445572083886285e-05,7.470365949914438e-06,3,5.204980152636023e-05,7.418791957700391e-06,0.995627679466528,1.0401310258891892,-20.400074444444442,194698000.0,0.0,25.04437,-15.95563,72.0,-4.444444444444445,0.0006142071440397498,29.050431954439055,1.343285905571899e-05,15.058514301428405,5.478490000000002e-07,0.0
82,3.7574142309920436e-05,4.803430821781124e-07,2.7202406909469777e-05,4.342163406657289e-07,1.2849262142896654e-05,1.8075932146062254e-07,9.869833886723665e-05,2.464765476894394e-06,0.00019825482401317893,5.909707120812928e-06,4,5.943659962620217e-05,9.269209247034873e-06,0.8647555804890235,1.1864583181196378,-20.549821240259185,342318700.0,21.221132945503697,25.703519999999997,-15.29648,72.0,-4.444444444444445,0.0008738421605078275,13.738618869212102,2.908896795814741e-05,-0.8088967958147406,3.1182399999999995e-07,0.0
83,0.00017381812820027264,2.4355056724935133e-07,1.530927739513182e-05,4.899407931130918e-07,1.742497837407107e-05,1.9910241617087572e-07,0.0001988862760196111,8.480132851831176e-07,0.00012694359282051037,7.853858710386727e-06,4,2.722233007256009e-05,8.040322040476196e-06,1.0156709584804198,1.175930119336359,-20.70564982588322,253303500.0,8.142189592589503,23.74586,-17.25414,49.0,-2.2222222222222223,0.0004831584910685388,39.47295668281364,3.329287603661001e-05,-1.229287603661001,2.952600000000001e-07,0.0
84,3.090233699334019e-05,1.2098823049097727e-06,1.1492667225606887e-05,4.1470506903700813e-07,4.935602058805535e-05,4.09973389955011e-07,5.690524145956585e-05,2.2039596973735477e-06,0.00013677398253265452,5.250606436075984e-06,3,4.0999649862888523e-05,8.9853548811296e-06,0.8115561701127096,1.10567385759555,-20.76797396424109,311614700.0,17.1398642001846,30.377679999999998,-10.622320000000002,74.0,-8.88888888888889,0.000530287982368864,35.43073980508636,3.3567650753522e-05,-1.2567650753521995,2.368729999999999e-07,0.0
85,9.01989246612844e-05,2.247870605870294e-07,1.8398514987397645e-05,2.7647350362664137e-07,1.89838561526201e-05,3.2416461977134075e-07,0.00012043588189708084,2.2020337583691087e-06,0.0001933829764241743,4.8944530249162586e-06,2,7.081865451389244e-05,9.858047470605805e-06,1.0919901969618648,1.0373779623709027,-20.868863145458953,550622900.0,41.86349746859476,23.569010000000002,-17.430989999999998,71.0,-2.2222222222222223,0.0004797703160801182,39.778580891556814,3.315650923236735e-05,-1.215650923236735,2.7687299999999994e-07,0.0
86,0.00010664389969767854,3.707975083556549e-07,5.96099018464757e-05,2.540764767213075e-07,2.4673396122924385e-05,2.3184934280736353e-07,7.682554335847399e-05,6.2647702619467645e-06,0.00018829597848797508,3.6793237408306444e-06,3,9.445986928637216e-05,9.813503488817657e-06,1.1984536789601987,0.9405062046663393,-20.93542184864175,293168200.0,14.48975658002649,24.73706,-16.26294,72.0,-4.444444444444445,0.0004097209319296241,46.63310312293886,2.328037404197307e-05,-0.2280374041973069,3.1731e-07,0.0
87,8.673717400754986e-05,3.654995997395666e-07,3.036983509704039e-05,5.361620448348091e-07,4.592780941615177e-05,2.3763610628156663e-07,0.0001571426564823609,5.667473137049796e-06,0.00014838448116978446,5.846040059974906e-06,1,7.95006959030098e-05,8.890622776811762e-06,1.1589706313906158,0.9429262083766937,-20.961852160699266,225825000.0,3.1552724170540114,24.67184,-16.32816,72.0,-4.444444444444445,0.0004740468420712205,40.29979252898939,2.289247716254819e-05,-0.1892477162548187,4.218529999999999e-07,0.0
88,2.947344151217078e-05,1.1315587117236039e-06,3.1882963292266514e-05,2.9019102266137956e-07,8.697309084278429e-05,2.0073647465202484e-07,0.00014351245701368757,2.044246366346502e-06,0.00019014460641814736,8.598061457214002e-06,2,4.995988453046231e-05,9.74960078730251e-06,0.5146016640981285,0.9701048686939071,-21.324359668933575,297331900.0,15.102221134544113,47.193079999999995,3.3691854119386426,79.0,-20.0,0.0005923308693255028,30.62548166095459,3.424359668933574e-05,-1.324359668933574,3.174139999999999e-07,0.0
89,9.610015780340221e-05,3.026815556708289e-07,3.807810907048845e-05,3.743133023227411e-07,6.691244815770646e-05,3.0731149104053765e-07,0.00013520214287023025,3.866080545195194e-06,0.00018234536016625055,9.708047286457328e-06,4,4.603089339476538e-05,6.4515746745038385e-06,0.9040685333338613,0.9384050334468882,-21.393375231312465,232681700.0,4.454293341081467,24.199959999999997,-16.800040000000003,72.0,-4.444444444444445,0.0004731511196801506,40.381931094194485,2.24889078686802e-05,-0.14889078686801965,4.199659999999999e-07,0.0
90,3.1526006534234514e-05,1.966128258023226e-06,3.3374910829944734e-05,5.695385305051953e-07,5.973880320838226e-05,2.812295622638288e-07,0.00019105357024748495,2.6076778855091233e-06,0.00013367163805378277,5.293809799924774e-06,4,1.8899720283236524e-05,6.914307790755472e-06,0.9295784425952373,1.1781752331477655,-21.49075252259899,203381200.00000003,1.3908489281957737,30.36921,-10.630790000000001,73.0,-6.666666666666667,0.0004104337962727314,46.5576068494005,6.293295855932322e-05,-4.1932958559323215,2.7750600000000005e-07,0.0
91,0.00010114119826275742,4.114476290301309e-07,1.7714737260586677e-05,3.034268188428012e-07,1.4365418508867764e-05,3.3134346475152455e-07,0.0001953828577159272,3.825225380076638e-06,0.00016251032678993402,6.2594773778643255e-06,2,4.9322956141030086e-05,8.546964189518034e-06,0.9736308531159982,1.1098091875937677,-21.49404883069797,353996900.0,22.678016413144817,25.204620000000002,-15.795379999999998,72.0,-4.444444444444445,0.0005574354970324131,33.262456232679085,3.354224386253527e-05,-1.254224386253527,4.0363899999999985e-07,0.0
92,6.703823151577282e-05,1.7099821613755618e-06,3.810836486737844e-05,2.5407647672130894e-07,2.4462469807276948e-05,2.3184934280736353e-07,7.748079424793945e-05,3.097325448957306e-06,0.0001882959784879751,5.433090165838849e-06,3,3.5707113361015875e-05,7.492867252018806e-06,0.9803203236309345,1.0045363097765756,-21.840412216810794,250105200.0,7.5903426616051375,28.91109,-12.088909999999998,73.0,-6.666666666666667,0.0003153167462557767,58.00721466568557,5.184835550144128e-05,-3.084835550144128,2.3430500000000016e-07,0.0
93,9.610015780340221e-05,3.026815556708289e-07,6.285869218337622e-05,7.108024209681872e-07,6.691244815770646e-05,3.974223918661153e-07,0.00010196088629640119,2.3096996499198574e-06,0.00015114837515866334,9.708047286457328e-06,4,3.0314928851977678e-05,8.132618532884255e-06,0.9040685333338613,0.9384050334468882,-21.880388995116384,185900100.0,-4.0999,24.29188,-16.70812,65.0,0.0,0.0005155134394186522,36.65791912886651,3.172368995116386e-05,-1.0723689951163862,3.56873e-07,0.0
94,7.083039618965508e-05,1.5708540953366131e-06,1.2470423349249246e-05,1.8911258547558336e-07,9.175224275939208e-05,1.875502113790806e-07,0.00015315399757210313,2.1547487445552997e-06,0.00018939380396056034,9.766114416439049e-06,1,2.0800259874875766e-05,9.035072862847023e-06,0.8635125594086434,0.956878713765168,-21.9213939330593,352832300.0,22.534904099361537,32.324419999999996,-8.675580000000004,73.0,-6.666666666666667,0.0003229756847981791,56.964935536672435,8.679147266392629e-05,-6.579147266392628,3.0674900000000004e-07,0.0
95,3.6512898855774146e-05,1.2098823049097712e-06,1.9764741962697257e-05,2.184721083974971e-07,1.0411227055858474e-05,3.345655305726126e-07,0.00012392123717471464,3.509103314065998e-06,0.0001327442672758167,1.4264662455815884e-06,3,6.454400194190762e-05,3.2873913697889794e-06,1.156926451206641,1.0383691965413726,-22.091708888888896,205337300.0,0.9751447590428819,27.797179999999997,-13.202820000000004,74.0,-8.88888888888889,0.0008895509272792008,12.964836636951132,1.986552727625533e-05,1.9346495754389643,2.9330099999999983e-07,0.0
96,2.947344151217078e-05,1.1315587117236039e-06,3.010013026181012e-06,2.9019102266137956e-07,9.070567383830013e-05,1.8955200988625286e-07,0.00016743558748946296,2.044246366346502e-06,0.00019014460641814736,8.598061457214002e-06,3,3.9371078550875094e-05,9.936575385080931e-06,0.8771657412449146,1.0035723384459168,-22.155985404164795,335488700.0,20.345860202059157,34.11555,-6.884450000000002,76.0,-13.333333333333334,0.0005833513424524735,31.28889814630676,4.03820207083146e-05,-1.9382020708314598,3.3134300000000003e-07,0.0
97,6.959974270089766e-05,3.9039803846328433e-07,2.2551118116614408e-05,1.9082028157968158e-07,2.347043770527225e-05,2.849798975230796e-07,0.00019105357024748495,4.5690948083279125e-06,0.00011498968377355903,5.293809799924774e-06,5,2.592363248382048e-05,9.220069165056049e-06,1.101779145810333,1.1781752331477655,-22.31303607903733,485746400.0,36.41902958741264,25.05823,-15.941770000000002,72.0,-4.444444444444445,0.0008176759247053444,16.623797233652546,4.026821634592883e-05,-1.9268216345928828,3.771439999999999e-07,0.0
98,9.421477066865514e-05,4.4744821469321847e-07,5.712240900516187e-05,1.8636146712388464e-07,1.2849262142896654e-05,3.294331031529628e-07,3.470046541503217e-05,4.880145748833307e-06,0.0001977193820200511,5.909707120812928e-06,4,9.684745503779873e-05,9.6236284646916e-06,1.1906781331591274,1.1069105309282008,-22.484806666666667,220104400.0,2.0409429675950044,25.18186,-15.81814,73.0,-6.666666666666667,0.0006760184307207162,24.88606465489442,1.742565708975216e-05,3.756443742105965,3.4224500000000006e-07,0.0
99,6.453529790570117e-05,3.023873047144675e-06,5.021297668347625e-05,3.198905730696797e-07,7.076673893806413e-05,2.5573517867362044e-07,8.583408549098394e-05,2.049871448716824e-06,0.000148496312689694,9.878340672492992e-06,3,2.277289746290409e-05,9.209615163849384e-06,0.831090905996563,1.055741338811897,-22.835914661990355,180218599.99999997,-9.78140000000003,30.712310000000002,-10.287689999999998,53.0,0.0,0.0003402113251183382,54.707041657792274,4.866824661990327e-05,-2.766824661990327,3.287069999999999e-07,0.0
